{"cameraMode":{"drawMode":0,"name":"Shaded","section":"Shading Mode"},"sceneLighting":true,"audioPlay":false,"sceneViewState":{"showFog":true,"showMaterialUpdate":false,"showSkybox":true,"showFlares":true,"showImageEffects":true,"showParticleSystems":true,"showVisualEffectGraphs":true,"m_FxEnabled":true},"in2DMode":false,"pivot":{"x":-0.9925508499145508,"y":1.2037690877914429,"z":-0.144378662109375},"rotation":{"x":0.008662248961627484,"y":0.08000877499580383,"z":0.000695893308147788,"w":-0.9967581629753113},"size":17.472267150878908,"orthographic":false}