{"cameraMode":{"drawMode":0,"name":"Shaded","section":"Shading Mode"},"sceneLighting":true,"audioPlay":false,"sceneViewState":{"showFog":true,"showMaterialUpdate":false,"showSkybox":true,"showFlares":true,"showImageEffects":true,"showParticleSystems":true,"showVisualEffectGraphs":true,"m_FxEnabled":true},"in2DMode":false,"pivot":{"x":4.74420166015625,"y":-1.9221853017807007,"z":0.034081459045410159},"rotation":{"x":-0.0018106545321643353,"y":-0.0039025219157338144,"z":-0.00004984944825991988,"w":-1.0000354051589966},"size":4.060659885406494,"orthographic":false}