{"cameraMode":{"drawMode":0,"name":"Shaded","section":"Shading Mode"},"sceneLighting":true,"audioPlay":false,"sceneViewState":{"showFog":false,"showMaterialUpdate":false,"showSkybox":false,"showFlares":false,"showImageEffects":false,"showParticleSystems":false,"showVisualEffectGraphs":true,"m_FxEnabled":true},"in2DMode":false,"pivot":{"x":-0.10802602767944336,"y":-0.1041107177734375,"z":0.18549680709838868},"rotation":{"x":0.11405345797538758,"y":-0.01192574854940176,"z":0.0013704877346754075,"w":0.9934070110321045},"size":4.854554176330566,"orthographic":false}