{"cameraMode":{"drawMode":0,"name":"Shaded","section":"Shading Mode"},"sceneLighting":true,"audioPlay":false,"sceneViewState":{"showFog":true,"showMaterialUpdate":false,"showSkybox":true,"showFlares":true,"showImageEffects":true,"showParticleSystems":true,"showVisualEffectGraphs":true,"m_FxEnabled":true},"in2DMode":false,"pivot":{"x":30.287086486816408,"y":10.792332649230957,"z":-8.513373374938965},"rotation":{"x":-0.014517076313495636,"y":0.9069059491157532,"z":-0.4201110899448395,"w":-0.030966341495513917},"size":11.793269157409668,"orthographic":false}